{"_runtime":9573.059723252,"pfl_test_acc_validclass":0.6756174564361572,"avg_train_acc":0.9599848283709463,"_wandb":{"runtime":9574},"_step":199,"gfl_test_acc_uniform":0.7615000009536743,"avg_train_loss":0.13626214956114782,"pfl_test_acc_labeldist":0.9243047952651977,"_timestamp":1.741971590194722e+09,"pfl_test_acc_uniform":0.5878800034523011}